{
    "Regression Lin\u00e9aire": {
        "r2 score": -0.011826732082922398,
        "r2 adjusted": -0.012197296716536243
    },
    "Polynomial 9": {
        "r2 score": 0.4634959804458332,
        "r2 adjusted": 0.46329949481332844
    },
    "Polynomial 3": {
        "r2 score": 0.4473600690039906,
        "r2 adjusted": 0.44715767386354166
    },
    "Polynomial 6": {
        "r2 score": 0.47286669464333364,
        "r2 adjusted": 0.47267364087832486
    },
    "Polynomial 8": {
        "r2 score": 0.46696268786454853,
        "r2 adjusted": 0.4667674718557093
    },
    "Polynomial features": {
        "r2 score": 0.4278534442699623,
        "r2 adjusted": 0.4276439051541484
    },
    "Polynomial 7": {
        "r2 score": 0.47053807616328136,
        "r2 adjusted": 0.47034416958066405
    },
    "Polynomial 2": {
        "r2 score": 0.4278534442699623,
        "r2 adjusted": 0.4276439051541484
    },
    "Polynomial": {
        "r2 score": 0.4278534442699623,
        "r2 adjusted": 0.4276439051541484
    },
    "Polynomial 4": {
        "r2 score": 0.47574810266727985,
        "r2 adjusted": 0.4755561041698132
    },
    "Polynomial 5": {
        "r2 score": 0.4744359267925877,
        "r2 adjusted": 0.4742434477326327
    }
}